data;ticker;tipo;valor_cota;quantidade
18/01/2024;XPML11;RENDIMENTO;0,9198;12
08/02/2024;FIQE3;DIVIDENDO;0,0514;419
22/02/2024;XPML11;RENDIMENTO;0,8998;12
07/03/2024;BRCR11;RENDIMENTO;0,41;25
14/03/2024;BBAS3;JCP;0,205;52
21/03/2024;XPML11;RENDIMENTO;0,8998;24
28/03/2024;BRBI11;DIVIDENDO;0,12;88
11/04/2024;BRCR11;RENDIMENTO;0,5;25
18/04/2024;XPML11;RENDIMENTO;0,9098;24
02/05/2024;XPLG11;RENDIMENTO;0,78;13
09/05/2024;BRCR11;RENDIMENTO;0,5;25
16/05/2024;BRBI11;DIVIDENDO;0,3;88
23/05/2024;XPML11;RENDIMENTO;0,9198;24
06/06/2024;ITSA4;DIVIDENDO;0,0219;160
06/06/2024;XPLG11;RENDIMENTO;0,78;27
13/06/2024;BBAS3;DIVIDENDO;0,6622;107
13/06/2024;BRCR11;RENDIMENTO;0,5;25
20/06/2024;FIQE3;JCP;0,1413;419
20/06/2024;ITSA4;DIVIDENDO;0,0879;160
20/06/2024;XPML11;RENDIMENTO;0,9198;24
04/07/2024;XPLG11;RENDIMENTO;0,78;27
11/07/2024;BRCR11;RENDIMENTO;0,5;25
18/07/2024;XPML11;RENDIMENTO;0,9198;24
01/08/2024;XPLG11;RENDIMENTO;0,78;27
08/08/2024;BRCR11;RENDIMENTO;0,5;25
08/08/2024;VALE3;DIVIDENDO;2,0938;25
15/08/2024;BRBI11;DIVIDENDO;0,3;196
15/08/2024;CPTS11;RENDIMENTO;0,081;145
22/08/2024;BBAS3;DIVIDENDO;0,4747;163
22/08/2024;XPML11;RENDIMENTO;0,9198;24
29/08/2024;CMIG4;JCP;0,4964;138
05/09/2024;ITSA4;JCP;0,0219;322
05/09/2024;XPLG11;RENDIMENTO;0,78;27
12/09/2024;BBAS3;DIVIDENDO;0,1866;163
12/09/2024;BRCR11;RENDIMENTO;0,5;25
12/09/2024;CPTS11;RENDIMENTO;0,081;145
19/09/2024;ITSA4;DIVIDENDO;0,045;322
19/09/2024;XPML11;RENDIMENTO;0,9198;24
26/09/2024;CMIG4;JCP;0,1652;138
03/10/2024;XPLG11;RENDIMENTO;0,78;41
10/10/2024;BRCR11;RENDIMENTO;0,5;25
10/10/2024;CPTS11;RENDIMENTO;0,072;145
24/10/2024;XPML11;RENDIMENTO;0,9198;24
31/10/2024;XPLG11;RENDIMENTO;0,78;41
07/11/2024;BRCR11;RENDIMENTO;0,5;25
14/11/2024;BRBI11;DIVIDENDO;0,45;196
14/11/2024;CPTS11;RENDIMENTO;0,062;342
21/11/2024;XPML11;RENDIMENTO;0,9198;24
28/11/2024;BBAS3;DIVIDENDO;0,4833;163
05/12/2024;BRBI11;DIVIDENDO;0,78;196
05/12/2024;ITSA4;DIVIDENDO;0,0219;322
05/12/2024;XPLG11;RENDIMENTO;0,78;41
12/12/2024;BBAS3;DIVIDENDO;0,1765;163
12/12/2024;BRCR11;RENDIMENTO;0,5;25
12/12/2024;CPTS11;RENDIMENTO;0,075;342
12/12/2024;ITSA4;JCP;0,0567;322
12/12/2024;PETR4;JCP;1,5517;80
12/12/2024;VALE3;DIVIDENDO;0,5205;51
19/12/2024;XPML11;RENDIMENTO;0,9198;24
26/12/2024;CMIG4;DIVIDENDO;0,1958;268
26/12/2024;PETR4;DIVIDENDO;1,3569;80
02/01/2025;XPLG11;RENDIMENTO;0,78;41
09/01/2025;BRCR11;RENDIMENTO;0,5;25
16/01/2025;CPTS11;RENDIMENTO;0,075;342
16/01/2025;SNAG11;RENDIMENTO;0,11;162
23/01/2025;XPML11;RENDIMENTO;0,9198;24
06/02/2025;FIQE3;DIVIDENDO;0,0899;1291
06/02/2025;XPLG11;RENDIMENTO;0,82;41
13/02/2025;BRCR11;RENDIMENTO;0,48;25
13/02/2025;CPTS11;RENDIMENTO;0,075;342
20/02/2025;ITSA4;DIVIDENDO;0,5897;499
20/02/2025;SNAG11;RENDIMENTO;0,11;162
20/02/2025;XPML11;RENDIMENTO;0,9198;24
06/03/2025;ITSA4;JCP;0,0461;499
06/03/2025;XPLG11;RENDIMENTO;0,82;41
13/03/2025;BBAS3;DIVIDENDO;0,6404;216
13/03/2025;BRCR11;RENDIMENTO;0,45;25
13/03/2025;VALE3;JCP;2,1418;51
20/03/2025;CPTS11;RENDIMENTO;0,08;342
20/03/2025;SNAG11;RENDIMENTO;0,11;162
20/03/2025;XPML11;RENDIMENTO;0,9198;24
27/03/2025;BRBI11;JCP;0,18;196
27/03/2025;CMIG4;DIVIDENDO;0,1891;536
03/04/2025;XPLG11;RENDIMENTO;0,82;41
10/04/2025;BRCR11;RENDIMENTO;0,45;25
10/04/2025;CPTS11;RENDIMENTO;0,082;342
17/04/2025;PETR4;DIVIDENDO;0,7481;127
17/04/2025;SNAG11;RENDIMENTO;0,11;162
17/04/2025;XPML11;RENDIMENTO;0,9198;24
01/05/2025;CMIG4;DIVIDENDO;0,6588;536
01/05/2025;XPLG11;RENDIMENTO;0,82;41
08/05/2025;BRCR11;RENDIMENTO;0,45;25
15/05/2025;BRBI11;DIVIDENDO;0,3;196
15/05/2025;CPTS11;RENDIMENTO;0,085;342
15/05/2025;KLBN11;DIVIDENDO;0,2265;78
15/05/2025;SNAG11;RENDIMENTO;0,11;162
22/05/2025;XPML11;RENDIMENTO;0,9198;24
05/06/2025;BBAS3;DIVIDENDO;0,4247;216
05/06/2025;ITSA4;DIVIDENDO;0,0231;499
05/06/2025;PETR4;DIVIDENDO;0,9092;175
05/06/2025;XPLG11;RENDIMENTO;0,82;41
12/06/2025;BRCR11;RENDIMENTO;0,41;25
12/06/2025;CPTS11;RENDIMENTO;0,087;342
19/06/2025;SNAG11;RENDIMENTO;0,11;162
19/06/2025;XPML11;RENDIMENTO;0,9198;24
26/06/2025;CMIG4;DIVIDENDO;0,2086;536
26/06/2025;ITSA4;DIVIDENDO;0,0579;499
03/07/2025;BBDC4;DIVIDENDO;0,3156;93
03/07/2025;XPLG11;RENDIMENTO;0,82;41
10/07/2025;BRCR11;RENDIMENTO;0,41;25
10/07/2025;CPTS11;RENDIMENTO;0,088;342
17/07/2025;SNAG11;RENDIMENTO;0,11;162
24/07/2025;XPML11;RENDIMENTO;0,9198;24
31/07/2025;XPLG11;RENDIMENTO;0,82;55
07/08/2025;BBDC4;DIVIDENDO;0,0189;93
07/08/2025;BRCR11;RENDIMENTO;0,41;25
14/08/2025;BRBI11;JCP;0,36;196
14/08/2025;CPTS11;RENDIMENTO;0,086;342
14/08/2025;FIQE3;DIVIDENDO;0,1542;1781
14/08/2025;KLBN11;JCP;0,2485;78
14/08/2025;VALE3;DIVIDENDO;1,8954;106
21/08/2025;ITSA4;DIVIDENDO;0,1823;499
21/08/2025;PETR4;JCP;0,6719;165
21/08/2025;SNAG11;RENDIMENTO;0,11;162
21/08/2025;XPML11;RENDIMENTO;0,9198;38
04/09/2025;BBDC4;DIVIDENDO;0,0189;93
04/09/2025;ITSA4;DIVIDENDO;0,0231;499
04/09/2025;XPLG11;RENDIMENTO;0,82;55
11/09/2025;BRCR11;RENDIMENTO;0,41;25
11/09/2025;CPTS11;RENDIMENTO;0,085;342
18/09/2025;SNAG11;RENDIMENTO;0,12;162
18/09/2025;XPML11;RENDIMENTO;0,9198;38
02/10/2025;BBDC4;JCP;0,3156;93
02/10/2025;CMIG4;DIVIDENDO;0,2114;670
02/10/2025;XPLG11;RENDIMENTO;0,82;70
09/10/2025;BRCR11;RENDIMENTO;0,41;25
16/10/2025;CPTS11;RENDIMENTO;0,09;342
16/10/2025;SNAG11;RENDIMENTO;0,12;162
23/10/2025;XPML11;RENDIMENTO;0,9198;38
06/11/2025;BBDC4;DIVIDENDO;0,0189;93
06/11/2025;MXRF11;RENDIMENTO;0,0999;157
06/11/2025;XPLG11;RENDIMENTO;0,82;70
13/11/2025;BRCR11;RENDIMENTO;0,41;25
13/11/2025;CPTS11;RENDIMENTO;0,09;342
13/11/2025;KLBN11;DIVIDENDO;0,2582;165
20/11/2025;BRBI11;DIVIDENDO;1,02;196
20/11/2025;SNAG11;RENDIMENTO;0,13;162
20/11/2025;XPML11;RENDIMENTO;0,9198;38
04/12/2025;BBAS3;JCP;0,1178;295
04/12/2025;BBDC4;JCP;0,0189;93
04/12/2025;ITSA4;DIVIDENDO;0,0231;499
04/12/2025;MXRF11;RENDIMENTO;0,0999;157
04/12/2025;XPLG11;RENDIMENTO;0,82;70
11/12/2025;BRCR11;RENDIMENTO;0,41;25
11/12/2025;CPTS11;RENDIMENTO;0,09;342
11/12/2025;FIQE3;JCP;0,0385;1781
11/12/2025;ITSA4;DIVIDENDO;0,778;499
11/12/2025;VALE3;DIVIDENDO;3,5818;129
18/12/2025;KLBN11;DIVIDENDO;0,9029;165
18/12/2025;SNAG11;RENDIMENTO;0,13;162
18/12/2025;XPML11;RENDIMENTO;0,9198;52
25/12/2025;CMIG4;DIVIDENDO;0,3827;934
25/12/2025;PETR4;JCP;0,9521;165
01/01/2026;BBDC4;DIVIDENDO;0,3856;93
01/01/2026;FIQE3;DIVIDENDO;0,5664;1781
01/01/2026;MXRF11;RENDIMENTO;0,0999;157
01/01/2026;XPLG11;RENDIMENTO;0,82;70
08/01/2026;BBDC4;DIVIDENDO;0,0189;93
08/01/2026;BRCR11;RENDIMENTO;0,41;25
15/01/2026;CPTS11;RENDIMENTO;0,09;342
15/01/2026;SNAG11;RENDIMENTO;0,13;162
22/01/2026;XPML11;RENDIMENTO;0,9198;52
05/02/2026;BBDC4;DIVIDENDO;0,0189;173
05/02/2026;MXRF11;RENDIMENTO;0,0999;157
05/02/2026;XPLG11;RENDIMENTO;0,82;70
12/02/2026;BRCR11;RENDIMENTO;0,41;25
12/02/2026;CPTS11;RENDIMENTO;0,09;342
19/02/2026;SNAG11;RENDIMENTO;0,2;162
19/02/2026;XPML11;RENDIMENTO;0,92;52
26/02/2026;BBAS3;DIVIDENDO;0,2205;295
05/03/2026;BBAS3;DIVIDENDO;0,0701;295
05/03/2026;BBDC4;DIVIDENDO;0,0189;173
05/03/2026;ITSA4;DIVIDENDO;0,0242;604
05/03/2026;MXRF11;RENDIMENTO;0,0999;157
05/03/2026;XPLG11;RENDIMENTO;0,82;70
12/03/2026;BRCR11;RENDIMENTO;0,41;25
12/03/2026;CPTS11;RENDIMENTO;0,09;342
19/03/2026;ITSA4;DIVIDENDO;0,116;604
19/03/2026;SNAG11;RENDIMENTO;0,15;162
19/03/2026;XPML11;RENDIMENTO;0,92;52
26/03/2026;CMIG4;DIVIDENDO;0,23;934
02/04/2026;BBDC4;DIVIDENDO;0,0189;173
02/04/2026;MXRF11;RENDIMENTO;0,0949;157
02/04/2026;XPLG11;RENDIMENTO;0,82;70
09/04/2026;BBDC4;DIVIDENDO;0,2968;173
09/04/2026;BRCR11;RENDIMENTO;0,41;25
16/04/2026;CPTS11;RENDIMENTO;0,09;342
16/04/2026;SNAG11;RENDIMENTO;0,12;162
16/04/2026;XPML11;RENDIMENTO;0,92;52
23/04/2026;PETR4;JCP;0,6631;200
07/05/2026;BBDC4;DIVIDENDO;0,0189;246
07/05/2026;CMIG4;DIVIDENDO;0,2364;934
07/05/2026;MXRF11;RENDIMENTO;0,0999;157
07/05/2026;XPLG11;RENDIMENTO;0,82;84
14/05/2026;BRCR11;RENDIMENTO;0,41;25
14/05/2026;CPTS11;RENDIMENTO;0,09;534
21/05/2026;BRBI11;DIVIDENDO;0,18;276
21/05/2026;SNAG11;RENDIMENTO;0,12;162
21/05/2026;XPML11;RENDIMENTO;0,92;52
04/06/2026;BBAS3;JCP;0,1413;295
04/06/2026;BBDC4;DIVIDENDO;0,0189;246
04/06/2026;ITSA4;DIVIDENDO;0,0242;604
04/06/2026;MXRF11;RENDIMENTO;0,0999;157
04/06/2026;PETR4;DIVIDENDO;0,701;200
04/06/2026;XPLG11;RENDIMENTO;0,82;84
11/06/2026;BRCR11;RENDIMENTO;0,41;25
18/06/2026;CPTS11;RENDIMENTO;0,09;534
18/06/2026;ITSA4;DIVIDENDO;0,138;604
18/06/2026;SNAG11;RENDIMENTO;0,12;162
18/06/2026;XPML11;RENDIMENTO;0,92;52
25/06/2026;CMIG4;DIVIDENDO;0,2204;934
02/07/2026;BBDC4;DIVIDENDO;0,0189;246
02/07/2026;MXRF11;RENDIMENTO;0,1;157
02/07/2026;XPLG11;RENDIMENTO;0,82;84
09/07/2026;BBDC4;DIVIDENDO;0,3463;246
09/07/2026;BRCR11;RENDIMENTO;0,41;25
16/07/2026;CPTS11;RENDIMENTO;0,09;534
16/07/2026;SNAG11;RENDIMENTO;0,12;162
23/07/2026;XPML11;RENDIMENTO;0,92;52
30/07/2026;FIQE3;JCP;0,077;2542
06/08/2026;BBDC4;JCP;0,0189;246
06/08/2026;MXRF11;RENDIMENTO;0,1;157
06/08/2026;XPLG11;RENDIMENTO;0,82;84
13/08/2026;BRCR11;RENDIMENTO;0,41;25
13/08/2026;VALE3;JCP;2,0307;146
20/08/2026;BRBI11;DIVIDENDO;0,18;276
20/08/2026;CPTS11;RENDIMENTO;0,09;534
20/08/2026;SNAG11;RENDIMENTO;0,12;162
20/08/2026;XPML11;RENDIMENTO;0,92;52
27/08/2026;PETR4;DIVIDENDO;1,3481;237
03/09/2026;BBAS3;JCP;0,1053;369
03/09/2026;BBDC4;DIVIDENDO;0,019;246
03/09/2026;ITSA4;DIVIDENDO;0,0242;717
03/09/2026;MXRF11;RENDIMENTO;0,1;157
03/09/2026;XPLG11;RENDIMENTO;0,82;84
10/09/2026;BRCR11;RENDIMENTO;0,41;25
17/09/2026;CPTS11;RENDIMENTO;0,09;534
17/09/2026;SNAG11;RENDIMENTO;0,12;162
24/09/2026;CMIG4;DIVIDENDO;0,0699;934
24/09/2026;XPML11;RENDIMENTO;0,95;52
