data;ticker;operacao;quantidade;preco;custos
17/12/2025;BBAS3;COMPRA;830;22,00;0
17/12/2025;FIQE3;COMPRA;5236;6,00;0
17/12/2025;CMIG4;COMPRA;71358;11,20;0
17/12/2025;BBDC4;COMPRA;995;18,25;0
17/12/2025;BRBI11;COMPRA;830;22,00;0
;ITSA4;COMPRA;1450;14,00;0
;KLBN11;COMPRA;5000;4,00;0
;PETR4;COMPRA;300;35,23;0
;TAEE11;COMPRA;650;42,00;0
;VALE3;COMPRA;300;71,00;0
;MXRF11;COMPRA;298;9,00;0
;BRCR11;COMPRA;13;50,00;0
;SNAG11;COMPRA;149;10,10;0
;CPTS11;COMPRA;59;7,52;0
;XPML11;COMPRA;4;101,00;0
;XPLG11;COMPRA;19;95,00;0
