ticker;tipo;segmento;preco;provento_anual_cota;peso_ideal;atualizado_em
VALE3;AÇÃO;Mineração;70,77;5,6125;0,1;25/09/2026
TAEE11;AÇÃO;Energia – Transmissão;40,79;3,0065;0,05;25/09/2026
PETR4;AÇÃO;Petróleo & Gás;48,07;3,6643;0,07;25/09/2026
BBAS3;AÇÃO;Bancos;21,59;0,655;0,06;25/09/2026
BRBI11;AÇÃO;Banco de investimento;14,83;1,38;0,05;25/09/2026
BBDC4;AÇÃO;Bancos;17,88;1,5528;0,05;25/09/2026
ITSA4;AÇÃO;Holding – Bancos;13,99;1,1278;0,1;25/09/2026
CMIG4;AÇÃO;Energia – Utilities;10,89;1,3507;0,1;25/09/2026
FIQE3;AÇÃO;Telecom / Tecnologia;5,07;0,682;0,05;25/09/2026
KLBN11;AÇÃO;Papel & Celulose;18,15;1,1611;0,07;25/09/2026
MXRF11;FII;Papel (recebíveis);9,1;1,1943;0,05;25/09/2026
BRCR11;FII;Lajes corporativas;41,16;4,92;0,04;25/09/2026
XPLG11;FII;Logística;92,39;9,84;0,06;25/09/2026
XPML11;FII;Shopping;98,68;11,0694;0,05;25/09/2026
SNAG11;FII;Fiagro;9,82;1,58;0,06;25/09/2026
CPTS11;FII;Híbrido (papel);7,45;1,08;0,04;25/09/2026
